<?xml version="1.0" encoding="UTF-8" standalone="yes"?>
<addon id="script.master-reborn.artwork" version="1.0.1" name="Master Reborn Artwork" provider-name="Wardoctor">
	<requires>
		<import addon="xbmc.python" version="2.19.0"/>
	</requires>
	<extension point="xbmc.python.script" library="default.py">
		<provides>executable</provides>
	</extension>
	<extension point="xbmc.addon.metadata">
		<summary>Themes for the Master Reborn Addon</summary>
		<description></description>
		<platform>all</platform>
		<news>Added new artwork</news>
	</extension>
</addon>
